{"fonts/Pretendard-Bold.otf":["fonts/Pretendard-Bold.otf"],"fonts/Pretendard-Medium.otf":["fonts/Pretendard-Medium.otf"],"fonts/Pretendard-SemiBold.otf":["fonts/Pretendard-SemiBold.otf"],"images/atom/btn_uploadImage.png":["images/atom/btn_uploadImage.png","images/atom/2.0x/btn_uploadImage.png","images/atom/3.0x/btn_uploadImage.png"],"images/atom/picto/fill/pf_photo_blue.png":["images/atom/picto/fill/pf_photo_blue.png","images/atom/picto/fill/2.0x/pf_photo_blue.png","images/atom/picto/fill/3.0x/pf_photo_blue.png"],"images/atom/picto/outline/po_back_black.png":["images/atom/picto/outline/po_back_black.png","images/atom/picto/outline/2.0x/po_back_black.png","images/atom/picto/outline/3.0x/po_back_black.png"],"images/atom/picto/outline/po_close_black.png":["images/atom/picto/outline/po_close_black.png","images/atom/picto/outline/2.0x/po_close_black.png","images/atom/picto/outline/3.0x/po_close_black.png"],"images/atom/profile-setting-1.png":["images/atom/profile-setting-1.png","images/atom/2.0x/profile-setting-1.png","images/atom/3.0x/profile-setting-1.png"],"images/atom/profile-setting-2.png":["images/atom/profile-setting-2.png","images/atom/2.0x/profile-setting-2.png","images/atom/3.0x/profile-setting-2.png"],"images/atom/profile-setting-3.png":["images/atom/profile-setting-3.png","images/atom/2.0x/profile-setting-3.png","images/atom/3.0x/profile-setting-3.png"],"images/atom/profile-setting-4.png":["images/atom/profile-setting-4.png","images/atom/2.0x/profile-setting-4.png","images/atom/3.0x/profile-setting-4.png"],"images/atom/profile-setting-5.png":["images/atom/profile-setting-5.png","images/atom/2.0x/profile-setting-5.png","images/atom/3.0x/profile-setting-5.png"],"images/atom/profile-setting-6.png":["images/atom/profile-setting-6.png","images/atom/2.0x/profile-setting-6.png","images/atom/3.0x/profile-setting-6.png"],"images/atom/profile-setting-7.png":["images/atom/profile-setting-7.png","images/atom/2.0x/profile-setting-7.png","images/atom/3.0x/profile-setting-7.png"],"images/atom/profile-setting-default.png":["images/atom/profile-setting-default.png","images/atom/2.0x/profile-setting-default.png","images/atom/3.0x/profile-setting-default.png"],"images/atom/profile-setting.png":["images/atom/profile-setting.png","images/atom/2.0x/profile-setting.png","images/atom/3.0x/profile-setting.png"],"packages/cupertino_icons/assets/CupertinoIcons.ttf":["packages/cupertino_icons/assets/CupertinoIcons.ttf"]}